[
  {
    "playerName": "Dhawan",
    "battingCareer": {
      "Test": {
        "MatchesPlayed": "34",
        "NoofInningsBatted": "58",
        "NoofNotOuts": "1",
        "NoofRunsScored": "2315",
        "HighestScore": "190",
        "BattingAverage": "40.61",
        "NoofBallsFaced": "3458",
        "BattingStrikeRate": "66.95",
        "Noof100sScored": "7",
        "Noof200sScored": "0",
        "Noof50sScored": "5",
        "Nooffourshit": "316",
        "Noofsixeshit": "12"
      },
      "ODI": {
        "MatchesPlayed": "139",
        "NoofInningsBatted": "136",
        "NoofNotOuts": "7",
        "NoofRunsScored": "5808",
        "HighestScore": "143",
        "BattingAverage": "45.02",
        "NoofBallsFaced": "6186",
        "BattingStrikeRate": "93.89",
        "Noof100sScored": "17",
        "Noof200sScored": "0",
        "Noof50sScored": "30",
        "Nooffourshit": "727",
        "Noofsixeshit": "69"
      },
      "T20I": {
        "MatchesPlayed": "64",
        "NoofInningsBatted": "63",
        "NoofNotOuts": "3",
        "NoofRunsScored": "1673",
        "HighestScore": "92",
        "BattingAverage": "27.88",
        "NoofBallsFaced": "1313",
        "BattingStrikeRate": "127.42",
        "Noof100sScored": "0",
        "Noof200sScored": "0",
        "Noof50sScored": "11",
        "Nooffourshit": "182",
        "Noofsixeshit": "49"
      },
      "IPL": {
        "MatchesPlayed": "176",
        "NoofInningsBatted": "175",
        "NoofNotOuts": "23",
        "NoofRunsScored": "5196",
        "HighestScore": "106",
        "BattingAverage": "34.18",
        "NoofBallsFaced": "4096",
        "BattingStrikeRate": "126.86",
        "Noof100sScored": "2",
        "Noof200sScored": "0",
        "Noof50sScored": "41",
        "Nooffourshit": "591",
        "Noofsixeshit": "108"
      }
    },
    "bowlingCareer": {
      "Test": {
        "MatchesPlayed": "34",
        "NoofInningsBowled": "5",
        "NoofBallsBowled": "54",
        "NoofRunsConceded": "18",
        "Wickets": "0",
        "BestBowlinginInnings": "0/0",
        "BestBowlinginMatch": "0/0",
        "Economy": "2.0",
        "BowlingAverage": "0.0",
        "BowlingStrikeRate": "0.0",
        "FiveWicketsinanInnings": "0",
        "TenWicketsinanMatch": "0"
      },
      "ODI": {
        "MatchesPlayed": "139",
        "NoofInningsBowled": "-",
        "NoofBallsBowled": "-",
        "NoofRunsConceded": "-",
        "Wickets": "-",
        "BestBowlinginInnings": "-",
        "BestBowlinginMatch": "-",
        "Economy": "-",
        "BowlingAverage": "-",
        "BowlingStrikeRate": "-",
        "FiveWicketsinanInnings": "-",
        "TenWicketsinanMatch": "-"
      },
      "T20I": {
        "MatchesPlayed": "64",
        "NoofInningsBowled": "-",
        "NoofBallsBowled": "-",
        "NoofRunsConceded": "-",
        "Wickets": "-",
        "BestBowlinginInnings": "-",
        "BestBowlinginMatch": "-",
        "Economy": "-",
        "BowlingAverage": "-",
        "BowlingStrikeRate": "-",
        "FiveWicketsinanInnings": "-",
        "TenWicketsinanMatch": "-"
      },
      "IPL": {
        "MatchesPlayed": "176",
        "NoofInningsBowled": "6",
        "NoofBallsBowled": "48",
        "NoofRunsConceded": "66",
        "Wickets": "4",
        "BestBowlinginInnings": "1/7",
        "BestBowlinginMatch": "1/7",
        "Economy": "8.25",
        "BowlingAverage": "16.5",
        "BowlingStrikeRate": "12.0",
        "FiveWicketsinanInnings": "0",
        "TenWicketsinanMatch": "0"
      }
    }
  },
  {
    "playerName": "Rahul",
    "battingCareer": {
      "Test": {
        "MatchesPlayed": "36",
        "NoofInningsBatted": "60",
        "NoofNotOuts": "2",
        "NoofRunsScored": "2006",
        "HighestScore": "199",
        "BattingAverage": "34.59",
        "NoofBallsFaced": "3553",
        "BattingStrikeRate": "56.46",
        "Noof100sScored": "5",
        "Noof200sScored": "0",
        "Noof50sScored": "11",
        "Nooffourshit": "237",
        "Noofsixeshit": "14"
      },
      "ODI": {
        "MatchesPlayed": "35",
        "NoofInningsBatted": "34",
        "NoofNotOuts": "5",
        "NoofRunsScored": "1332",
        "HighestScore": "112",
        "BattingAverage": "45.93",
        "NoofBallsFaced": "1515",
        "BattingStrikeRate": "87.92",
        "Noof100sScored": "4",
        "Noof200sScored": "0",
        "Noof50sScored": "8",
        "Nooffourshit": "103",
        "Noofsixeshit": "30"
      },
      "T20I": {
        "MatchesPlayed": "45",
        "NoofInningsBatted": "42",
        "NoofNotOuts": "6",
        "NoofRunsScored": "1543",
        "HighestScore": "110",
        "BattingAverage": "42.86",
        "NoofBallsFaced": "1068",
        "BattingStrikeRate": "144.48",
        "Noof100sScored": "2",
        "Noof200sScored": "0",
        "Noof50sScored": "12",
        "Nooffourshit": "136",
        "Noofsixeshit": "63"
      },
      "IPL": {
        "MatchesPlayed": "81",
        "NoofInningsBatted": "72",
        "NoofNotOuts": "13",
        "NoofRunsScored": "2647",
        "HighestScore": "132",
        "BattingAverage": "44.86",
        "NoofBallsFaced": "1949",
        "BattingStrikeRate": "135.81",
        "Noof100sScored": "2",
        "Noof200sScored": "0",
        "Noof50sScored": "21",
        "Nooffourshit": "234",
        "Noofsixeshit": "104"
      }
    },
    "bowlingCareer": {
      "Test": {
        "MatchesPlayed": "36",
        "NoofInningsBowled": "-",
        "NoofBallsBowled": "-",
        "NoofRunsConceded": "-",
        "Wickets": "-",
        "BestBowlinginInnings": "-",
        "BestBowlinginMatch": "-",
        "Economy": "-",
        "BowlingAverage": "-",
        "BowlingStrikeRate": "-",
        "FiveWicketsinanInnings": "-",
        "TenWicketsinanMatch": "-"
      },
      "ODI": {
        "MatchesPlayed": "35",
        "NoofInningsBowled": "-",
        "NoofBallsBowled": "-",
        "NoofRunsConceded": "-",
        "Wickets": "-",
        "BestBowlinginInnings": "-",
        "BestBowlinginMatch": "-",
        "Economy": "-",
        "BowlingAverage": "-",
        "BowlingStrikeRate": "-",
        "FiveWicketsinanInnings": "-",
        "TenWicketsinanMatch": "-"
      },
      "T20I": {
        "MatchesPlayed": "45",
        "NoofInningsBowled": "-",
        "NoofBallsBowled": "-",
        "NoofRunsConceded": "-",
        "Wickets": "-",
        "BestBowlinginInnings": "-",
        "BestBowlinginMatch": "-",
        "Economy": "-",
        "BowlingAverage": "-",
        "BowlingStrikeRate": "-",
        "FiveWicketsinanInnings": "-",
        "TenWicketsinanMatch": "-"
      },
      "IPL": {
        "MatchesPlayed": "81",
        "NoofInningsBowled": "-",
        "NoofBallsBowled": "-",
        "NoofRunsConceded": "-",
        "Wickets": "-",
        "BestBowlinginInnings": "-",
        "BestBowlinginMatch": "-",
        "Economy": "-",
        "BowlingAverage": "-",
        "BowlingStrikeRate": "-",
        "FiveWicketsinanInnings": "-",
        "TenWicketsinanMatch": "-"
      }
    }
  },
  {
    "playerName": "Kohli (c)",
    "battingCareer": {
      "Test": {
        "MatchesPlayed": "91",
        "NoofInningsBatted": "153",
        "NoofNotOuts": "10",
        "NoofRunsScored": "7490",
        "HighestScore": "254",
        "BattingAverage": "52.38",
        "NoofBallsFaced": "13112",
        "BattingStrikeRate": "57.12",
        "Noof100sScored": "27",
        "Noof200sScored": "7",
        "Noof50sScored": "25",
        "Nooffourshit": "839",
        "Noofsixeshit": "22"
      },
      "ODI": {
        "MatchesPlayed": "251",
        "NoofInningsBatted": "242",
        "NoofNotOuts": "39",
        "NoofRunsScored": "12040",
        "HighestScore": "183",
        "BattingAverage": "59.31",
        "NoofBallsFaced": "12912",
        "BattingStrikeRate": "93.25",
        "Noof100sScored": "43",
        "Noof200sScored": "0",
        "Noof50sScored": "60",
        "Nooffourshit": "1130",
        "Noofsixeshit": "125"
      },
      "T20I": {
        "MatchesPlayed": "85",
        "NoofInningsBatted": "80",
        "NoofNotOuts": "21",
        "NoofRunsScored": "2928",
        "HighestScore": "94",
        "BattingAverage": "49.63",
        "NoofBallsFaced": "2120",
        "BattingStrikeRate": "138.11",
        "Noof100sScored": "0",
        "Noof200sScored": "0",
        "Noof50sScored": "25",
        "Nooffourshit": "265",
        "Noofsixeshit": "81"
      },
      "IPL": {
        "MatchesPlayed": "192",
        "NoofInningsBatted": "184",
        "NoofNotOuts": "30",
        "NoofRunsScored": "5878",
        "HighestScore": "113",
        "BattingAverage": "38.17",
        "NoofBallsFaced": "4496",
        "BattingStrikeRate": "130.74",
        "Noof100sScored": "5",
        "Noof200sScored": "0",
        "Noof50sScored": "39",
        "Nooffourshit": "503",
        "Noofsixeshit": "201"
      }
    },
    "bowlingCareer": {
      "Test": {
        "MatchesPlayed": "91",
        "NoofInningsBowled": "11",
        "NoofBallsBowled": "175",
        "NoofRunsConceded": "84",
        "Wickets": "0",
        "BestBowlinginInnings": "0/0",
        "BestBowlinginMatch": "0/0",
        "Economy": "2.88",
        "BowlingAverage": "0.0",
        "BowlingStrikeRate": "0.0",
        "FiveWicketsinanInnings": "0",
        "TenWicketsinanMatch": "0"
      },
      "ODI": {
        "MatchesPlayed": "251",
        "NoofInningsBowled": "48",
        "NoofBallsBowled": "641",
        "NoofRunsConceded": "665",
        "Wickets": "4",
        "BestBowlinginInnings": "1/15",
        "BestBowlinginMatch": "1/15",
        "Economy": "6.22",
        "BowlingAverage": "166.25",
        "BowlingStrikeRate": "160.25",
        "FiveWicketsinanInnings": "0",
        "TenWicketsinanMatch": "0"
      },
      "T20I": {
        "MatchesPlayed": "85",
        "NoofInningsBowled": "12",
        "NoofBallsBowled": "146",
        "NoofRunsConceded": "198",
        "Wickets": "4",
        "BestBowlinginInnings": "1/13",
        "BestBowlinginMatch": "1/13",
        "Economy": "8.14",
        "BowlingAverage": "49.5",
        "BowlingStrikeRate": "36.5",
        "FiveWicketsinanInnings": "0",
        "TenWicketsinanMatch": "0"
      },
      "IPL": {
        "MatchesPlayed": "192",
        "NoofInningsBowled": "26",
        "NoofBallsBowled": "251",
        "NoofRunsConceded": "368",
        "Wickets": "4",
        "BestBowlinginInnings": "2/25",
        "BestBowlinginMatch": "2/25",
        "Economy": "8.8",
        "BowlingAverage": "92.0",
        "BowlingStrikeRate": "62.75",
        "FiveWicketsinanInnings": "0",
        "TenWicketsinanMatch": "0"
      }
    }
  },
  {
    "playerName": "Pant (wk)",
    "battingCareer": {
      "Test": {
        "MatchesPlayed": "20",
        "NoofInningsBatted": "33",
        "NoofNotOuts": "3",
        "NoofRunsScored": "1358",
        "HighestScore": "159",
        "BattingAverage": "45.27",
        "NoofBallsFaced": "1900",
        "BattingStrikeRate": "71.47",
        "Noof100sScored": "3",
        "Noof200sScored": "0",
        "Noof50sScored": "6",
        "Nooffourshit": "145",
        "Noofsixeshit": "33"
      },
      "ODI": {
        "MatchesPlayed": "16",
        "NoofInningsBatted": "14",
        "NoofNotOuts": "0",
        "NoofRunsScored": "374",
        "HighestScore": "71",
        "BattingAverage": "26.71",
        "NoofBallsFaced": "361",
        "BattingStrikeRate": "103.6",
        "Noof100sScored": "0",
        "Noof200sScored": "0",
        "Noof50sScored": "1",
        "Nooffourshit": "40",
        "Noofsixeshit": "10"
      },
      "T20I": {
        "MatchesPlayed": "28",
        "NoofInningsBatted": "26",
        "NoofNotOuts": "5",
        "NoofRunsScored": "431",
        "HighestScore": "65",
        "BattingAverage": "20.52",
        "NoofBallsFaced": "359",
        "BattingStrikeRate": "120.06",
        "Noof100sScored": "0",
        "Noof200sScored": "0",
        "Noof50sScored": "2",
        "Nooffourshit": "30",
        "Noofsixeshit": "19"
      },
      "IPL": {
        "MatchesPlayed": "68",
        "NoofInningsBatted": "68",
        "NoofNotOuts": "9",
        "NoofRunsScored": "2079",
        "HighestScore": "128",
        "BattingAverage": "35.24",
        "NoofBallsFaced": "1368",
        "BattingStrikeRate": "151.97",
        "Noof100sScored": "1",
        "Noof200sScored": "0",
        "Noof50sScored": "12",
        "Nooffourshit": "183",
        "Noofsixeshit": "103"
      }
    },
    "bowlingCareer": {
      "Test": {
        "MatchesPlayed": "20",
        "NoofInningsBowled": "-",
        "NoofBallsBowled": "-",
        "NoofRunsConceded": "-",
        "Wickets": "-",
        "BestBowlinginInnings": "-",
        "BestBowlinginMatch": "-",
        "Economy": "-",
        "BowlingAverage": "-",
        "BowlingStrikeRate": "-",
        "FiveWicketsinanInnings": "-",
        "TenWicketsinanMatch": "-"
      },
      "ODI": {
        "MatchesPlayed": "16",
        "NoofInningsBowled": "-",
        "NoofBallsBowled": "-",
        "NoofRunsConceded": "-",
        "Wickets": "-",
        "BestBowlinginInnings": "-",
        "BestBowlinginMatch": "-",
        "Economy": "-",
        "BowlingAverage": "-",
        "BowlingStrikeRate": "-",
        "FiveWicketsinanInnings": "-",
        "TenWicketsinanMatch": "-"
      },
      "T20I": {
        "MatchesPlayed": "28",
        "NoofInningsBowled": "-",
        "NoofBallsBowled": "-",
        "NoofRunsConceded": "-",
        "Wickets": "-",
        "BestBowlinginInnings": "-",
        "BestBowlinginMatch": "-",
        "Economy": "-",
        "BowlingAverage": "-",
        "BowlingStrikeRate": "-",
        "FiveWicketsinanInnings": "-",
        "TenWicketsinanMatch": "-"
      },
      "IPL": {
        "MatchesPlayed": "68",
        "NoofInningsBowled": "-",
        "NoofBallsBowled": "-",
        "NoofRunsConceded": "-",
        "Wickets": "-",
        "BestBowlinginInnings": "-",
        "BestBowlinginMatch": "-",
        "Economy": "-",
        "BowlingAverage": "-",
        "BowlingStrikeRate": "-",
        "FiveWicketsinanInnings": "-",
        "TenWicketsinanMatch": "-"
      }
    }
  },
  {
    "playerName": "Shreyas Iyer",
    "battingCareer": {
      "ODI": {
        "MatchesPlayed": "21",
        "NoofInningsBatted": "19",
        "NoofNotOuts": "1",
        "NoofRunsScored": "807",
        "HighestScore": "103",
        "BattingAverage": "44.83",
        "NoofBallsFaced": "801",
        "BattingStrikeRate": "100.75",
        "Noof100sScored": "1",
        "Noof200sScored": "0",
        "Noof50sScored": "8",
        "Nooffourshit": "80",
        "Noofsixeshit": "17"
      },
      "T20I": {
        "MatchesPlayed": "24",
        "NoofInningsBatted": "23",
        "NoofNotOuts": "6",
        "NoofRunsScored": "496",
        "HighestScore": "67",
        "BattingAverage": "29.18",
        "NoofBallsFaced": "376",
        "BattingStrikeRate": "131.91",
        "Noof100sScored": "0",
        "Noof200sScored": "0",
        "Noof50sScored": "3",
        "Nooffourshit": "38",
        "Noofsixeshit": "21"
      },
      "IPL": {
        "MatchesPlayed": "79",
        "NoofInningsBatted": "79",
        "NoofNotOuts": "9",
        "NoofRunsScored": "2200",
        "HighestScore": "96",
        "BattingAverage": "31.43",
        "NoofBallsFaced": "1745",
        "BattingStrikeRate": "126.07",
        "Noof100sScored": "0",
        "Noof200sScored": "0",
        "Noof50sScored": "16",
        "Nooffourshit": "189",
        "Noofsixeshit": "83"
      }
    },
    "bowlingCareer": {
      "ODI": {
        "MatchesPlayed": "21",
        "NoofInningsBowled": "2",
        "NoofBallsBowled": "12",
        "NoofRunsConceded": "15",
        "Wickets": "0",
        "BestBowlinginInnings": "0/2",
        "BestBowlinginMatch": "0/2",
        "Economy": "7.5",
        "BowlingAverage": "0.0",
        "BowlingStrikeRate": "0.0",
        "FiveWicketsinanInnings": "0",
        "TenWicketsinanMatch": "0"
      },
      "T20I": {
        "MatchesPlayed": "24",
        "NoofInningsBowled": "-",
        "NoofBallsBowled": "-",
        "NoofRunsConceded": "-",
        "Wickets": "-",
        "BestBowlinginInnings": "-",
        "BestBowlinginMatch": "-",
        "Economy": "-",
        "BowlingAverage": "-",
        "BowlingStrikeRate": "-",
        "FiveWicketsinanInnings": "-",
        "TenWicketsinanMatch": "-"
      },
      "IPL": {
        "MatchesPlayed": "79",
        "NoofInningsBowled": "-",
        "NoofBallsBowled": "-",
        "NoofRunsConceded": "-",
        "Wickets": "-",
        "BestBowlinginInnings": "-",
        "BestBowlinginMatch": "-",
        "Economy": "-",
        "BowlingAverage": "-",
        "BowlingStrikeRate": "-",
        "FiveWicketsinanInnings": "-",
        "TenWicketsinanMatch": "-"
      }
    }
  },
  {
    "playerName": "Hardik Pandya",
    "battingCareer": {
      "Test": {
        "MatchesPlayed": "11",
        "NoofInningsBatted": "18",
        "NoofNotOuts": "1",
        "NoofRunsScored": "532",
        "HighestScore": "108",
        "BattingAverage": "31.29",
        "NoofBallsFaced": "720",
        "BattingStrikeRate": "73.89",
        "Noof100sScored": "1",
        "Noof200sScored": "0",
        "Noof50sScored": "4",
        "Nooffourshit": "68",
        "Noofsixeshit": "12"
      },
      "ODI": {
        "MatchesPlayed": "57",
        "NoofInningsBatted": "41",
        "NoofNotOuts": "7",
        "NoofRunsScored": "1167",
        "HighestScore": "92",
        "BattingAverage": "34.32",
        "NoofBallsFaced": "1011",
        "BattingStrikeRate": "115.43",
        "Noof100sScored": "0",
        "Noof200sScored": "0",
        "Noof50sScored": "6",
        "Nooffourshit": "84",
        "Noofsixeshit": "46"
      },
      "T20I": {
        "MatchesPlayed": "44",
        "NoofInningsBatted": "29",
        "NoofNotOuts": "7",
        "NoofRunsScored": "407",
        "HighestScore": "42",
        "BattingAverage": "18.5",
        "NoofBallsFaced": "281",
        "BattingStrikeRate": "144.84",
        "Noof100sScored": "0",
        "Noof200sScored": "0",
        "Noof50sScored": "0",
        "Nooffourshit": "23",
        "Noofsixeshit": "25"
      },
      "IPL": {
        "MatchesPlayed": "80",
        "NoofInningsBatted": "74",
        "NoofNotOuts": "29",
        "NoofRunsScored": "1349",
        "HighestScore": "91",
        "BattingAverage": "29.98",
        "NoofBallsFaced": "847",
        "BattingStrikeRate": "159.27",
        "Noof100sScored": "0",
        "Noof200sScored": "0",
        "Noof50sScored": "4",
        "Nooffourshit": "86",
        "Noofsixeshit": "93"
      }
    },
    "bowlingCareer": {
      "Test": {
        "MatchesPlayed": "11",
        "NoofInningsBowled": "19",
        "NoofBallsBowled": "937",
        "NoofRunsConceded": "528",
        "Wickets": "17",
        "BestBowlinginInnings": "5/28",
        "BestBowlinginMatch": "6/50",
        "Economy": "3.38",
        "BowlingAverage": "31.06",
        "BowlingStrikeRate": "55.12",
        "FiveWicketsinanInnings": "1",
        "TenWicketsinanMatch": "0"
      },
      "ODI": {
        "MatchesPlayed": "57",
        "NoofInningsBowled": "54",
        "NoofBallsBowled": "2392",
        "NoofRunsConceded": "2219",
        "Wickets": "55",
        "BestBowlinginInnings": "3/31",
        "BestBowlinginMatch": "3/31",
        "Economy": "5.57",
        "BowlingAverage": "40.35",
        "BowlingStrikeRate": "43.49",
        "FiveWicketsinanInnings": "0",
        "TenWicketsinanMatch": "0"
      },
      "T20I": {
        "MatchesPlayed": "44",
        "NoofInningsBowled": "40",
        "NoofBallsBowled": "713",
        "NoofRunsConceded": "989",
        "Wickets": "38",
        "BestBowlinginInnings": "4/38",
        "BestBowlinginMatch": "4/38",
        "Economy": "8.32",
        "BowlingAverage": "26.03",
        "BowlingStrikeRate": "18.76",
        "FiveWicketsinanInnings": "0",
        "TenWicketsinanMatch": "0"
      },
      "IPL": {
        "MatchesPlayed": "80",
        "NoofInningsBowled": "60",
        "NoofBallsBowled": "869",
        "NoofRunsConceded": "1313",
        "Wickets": "42",
        "BestBowlinginInnings": "3/20",
        "BestBowlinginMatch": "3/20",
        "Economy": "9.07",
        "BowlingAverage": "31.26",
        "BowlingStrikeRate": "20.69",
        "FiveWicketsinanInnings": "0",
        "TenWicketsinanMatch": "0"
      }
    }
  },
  {
    "playerName": "Thakur",
    "battingCareer": {
      "Test": {
        "MatchesPlayed": "2",
        "NoofInningsBatted": "3",
        "NoofNotOuts": "1",
        "NoofRunsScored": "73",
        "HighestScore": "67",
        "BattingAverage": "36.5",
        "NoofBallsFaced": "130",
        "BattingStrikeRate": "56.15",
        "Noof100sScored": "0",
        "Noof200sScored": "0",
        "Noof50sScored": "1",
        "Nooffourshit": "9",
        "Noofsixeshit": "2"
      },
      "ODI": {
        "MatchesPlayed": "12",
        "NoofInningsBatted": "6",
        "NoofNotOuts": "2",
        "NoofRunsScored": "77",
        "HighestScore": "22",
        "BattingAverage": "19.25",
        "NoofBallsFaced": "53",
        "BattingStrikeRate": "145.28",
        "Noof100sScored": "0",
        "Noof200sScored": "0",
        "Noof50sScored": "0",
        "Nooffourshit": "8",
        "Noofsixeshit": "3"
      },
      "T20I": {
        "MatchesPlayed": "17",
        "NoofInningsBatted": "4",
        "NoofNotOuts": "2",
        "NoofRunsScored": "59",
        "HighestScore": "22",
        "BattingAverage": "29.5",
        "NoofBallsFaced": "31",
        "BattingStrikeRate": "190.32",
        "Noof100sScored": "0",
        "Noof200sScored": "0",
        "Noof50sScored": "0",
        "Nooffourshit": "3",
        "Noofsixeshit": "4"
      },
      "IPL": {
        "MatchesPlayed": "45",
        "NoofInningsBatted": "10",
        "NoofNotOuts": "4",
        "NoofRunsScored": "48",
        "HighestScore": "15",
        "BattingAverage": "8.0",
        "NoofBallsFaced": "42",
        "BattingStrikeRate": "114.29",
        "Noof100sScored": "0",
        "Noof200sScored": "0",
        "Noof50sScored": "0",
        "Nooffourshit": "5",
        "Noofsixeshit": "1"
      }
    },
    "bowlingCareer": {
      "Test": {
        "MatchesPlayed": "2",
        "NoofInningsBowled": "3",
        "NoofBallsBowled": "268",
        "NoofRunsConceded": "164",
        "Wickets": "7",
        "BestBowlinginInnings": "4/61",
        "BestBowlinginMatch": "7/155",
        "Economy": "3.67",
        "BowlingAverage": "23.43",
        "BowlingStrikeRate": "38.29",
        "FiveWicketsinanInnings": "0",
        "TenWicketsinanMatch": "0"
      },
      "ODI": {
        "MatchesPlayed": "12",
        "NoofInningsBowled": "12",
        "NoofBallsBowled": "582",
        "NoofRunsConceded": "660",
        "Wickets": "15",
        "BestBowlinginInnings": "4/52",
        "BestBowlinginMatch": "4/52",
        "Economy": "6.8",
        "BowlingAverage": "44.0",
        "BowlingStrikeRate": "38.8",
        "FiveWicketsinanInnings": "0",
        "TenWicketsinanMatch": "0"
      },
      "T20I": {
        "MatchesPlayed": "17",
        "NoofInningsBowled": "17",
        "NoofBallsBowled": "363",
        "NoofRunsConceded": "539",
        "Wickets": "23",
        "BestBowlinginInnings": "4/27",
        "BestBowlinginMatch": "4/27",
        "Economy": "8.91",
        "BowlingAverage": "23.43",
        "BowlingStrikeRate": "15.78",
        "FiveWicketsinanInnings": "0",
        "TenWicketsinanMatch": "0"
      },
      "IPL": {
        "MatchesPlayed": "45",
        "NoofInningsBowled": "44",
        "NoofBallsBowled": "901",
        "NoofRunsConceded": "1340",
        "Wickets": "46",
        "BestBowlinginInnings": "3/19",
        "BestBowlinginMatch": "3/19",
        "Economy": "8.92",
        "BowlingAverage": "29.13",
        "BowlingStrikeRate": "19.59",
        "FiveWicketsinanInnings": "0",
        "TenWicketsinanMatch": "0"
      }
    }
  },
  {
    "playerName": "Washington Sundar",
    "battingCareer": {
      "Test": {
        "MatchesPlayed": "4",
        "NoofInningsBatted": "6",
        "NoofNotOuts": "2",
        "NoofRunsScored": "265",
        "HighestScore": "96",
        "BattingAverage": "66.25",
        "NoofBallsFaced": "502",
        "BattingStrikeRate": "52.79",
        "Noof100sScored": "0",
        "Noof200sScored": "0",
        "Noof50sScored": "3",
        "Nooffourshit": "31",
        "Noofsixeshit": "5"
      },
      "ODI": {
        "MatchesPlayed": "1",
        "NoofInningsBatted": "-",
        "NoofNotOuts": "-",
        "NoofRunsScored": "-",
        "HighestScore": "-",
        "BattingAverage": "-",
        "NoofBallsFaced": "-",
        "BattingStrikeRate": "-",
        "Noof100sScored": "-",
        "Noof200sScored": "-",
        "Noof50sScored": "-",
        "Nooffourshit": "-",
        "Noofsixeshit": "-"
      },
      "T20I": {
        "MatchesPlayed": "26",
        "NoofInningsBatted": "10",
        "NoofNotOuts": "4",
        "NoofRunsScored": "43",
        "HighestScore": "14",
        "BattingAverage": "7.17",
        "NoofBallsFaced": "30",
        "BattingStrikeRate": "143.33",
        "Noof100sScored": "0",
        "Noof200sScored": "0",
        "Noof50sScored": "0",
        "Nooffourshit": "3",
        "Noofsixeshit": "3"
      },
      "IPL": {
        "MatchesPlayed": "36",
        "NoofInningsBatted": "22",
        "NoofNotOuts": "11",
        "NoofRunsScored": "186",
        "HighestScore": "35",
        "BattingAverage": "16.91",
        "NoofBallsFaced": "148",
        "BattingStrikeRate": "125.68",
        "Noof100sScored": "0",
        "Noof200sScored": "0",
        "Noof50sScored": "0",
        "Nooffourshit": "15",
        "Noofsixeshit": "6"
      }
    },
    "bowlingCareer": {
      "Test": {
        "MatchesPlayed": "4",
        "NoofInningsBowled": "7",
        "NoofBallsBowled": "526",
        "NoofRunsConceded": "299",
        "Wickets": "6",
        "BestBowlinginInnings": "3/89",
        "BestBowlinginMatch": "4/169",
        "Economy": "3.41",
        "BowlingAverage": "49.83",
        "BowlingStrikeRate": "87.67",
        "FiveWicketsinanInnings": "0",
        "TenWicketsinanMatch": "0"
      },
      "ODI": {
        "MatchesPlayed": "1",
        "NoofInningsBowled": "1",
        "NoofBallsBowled": "60",
        "NoofRunsConceded": "65",
        "Wickets": "1",
        "BestBowlinginInnings": "1/65",
        "BestBowlinginMatch": "1/65",
        "Economy": "6.5",
        "BowlingAverage": "65.0",
        "BowlingStrikeRate": "60.0",
        "FiveWicketsinanInnings": "0",
        "TenWicketsinanMatch": "0"
      },
      "T20I": {
        "MatchesPlayed": "26",
        "NoofInningsBowled": "26",
        "NoofBallsBowled": "543",
        "NoofRunsConceded": "630",
        "Wickets": "22",
        "BestBowlinginInnings": "3/22",
        "BestBowlinginMatch": "3/22",
        "Economy": "6.96",
        "BowlingAverage": "28.64",
        "BowlingStrikeRate": "24.68",
        "FiveWicketsinanInnings": "0",
        "TenWicketsinanMatch": "0"
      },
      "IPL": {
        "MatchesPlayed": "36",
        "NoofInningsBowled": "35",
        "NoofBallsBowled": "654",
        "NoofRunsConceded": "749",
        "Wickets": "24",
        "BestBowlinginInnings": "3/16",
        "BestBowlinginMatch": "3/16",
        "Economy": "6.87",
        "BowlingAverage": "31.21",
        "BowlingStrikeRate": "27.25",
        "FiveWicketsinanInnings": "0",
        "TenWicketsinanMatch": "0"
      }
    }
  },
  {
    "playerName": "Axar",
    "battingCareer": {
      "Test": {
        "MatchesPlayed": "3",
        "NoofInningsBatted": "4",
        "NoofNotOuts": "0",
        "NoofRunsScored": "55",
        "HighestScore": "43",
        "BattingAverage": "13.75",
        "NoofBallsFaced": "131",
        "BattingStrikeRate": "41.98",
        "Noof100sScored": "0",
        "Noof200sScored": "0",
        "Noof50sScored": "0",
        "Nooffourshit": "7",
        "Noofsixeshit": "1"
      },
      "ODI": {
        "MatchesPlayed": "38",
        "NoofInningsBatted": "20",
        "NoofNotOuts": "6",
        "NoofRunsScored": "181",
        "HighestScore": "38",
        "BattingAverage": "12.93",
        "NoofBallsFaced": "190",
        "BattingStrikeRate": "95.26",
        "Noof100sScored": "0",
        "Noof200sScored": "0",
        "Noof50sScored": "0",
        "Nooffourshit": "8",
        "Noofsixeshit": "8"
      },
      "T20I": {
        "MatchesPlayed": "12",
        "NoofInningsBatted": "8",
        "NoofNotOuts": "4",
        "NoofRunsScored": "75",
        "HighestScore": "20",
        "BattingAverage": "18.75",
        "NoofBallsFaced": "57",
        "BattingStrikeRate": "131.58",
        "Noof100sScored": "0",
        "Noof200sScored": "0",
        "Noof50sScored": "0",
        "Nooffourshit": "4",
        "Noofsixeshit": "3"
      },
      "IPL": {
        "MatchesPlayed": "97",
        "NoofInningsBatted": "72",
        "NoofNotOuts": "22",
        "NoofRunsScored": "913",
        "HighestScore": "44",
        "BattingAverage": "18.26",
        "NoofBallsFaced": "715",
        "BattingStrikeRate": "127.69",
        "Noof100sScored": "0",
        "Noof200sScored": "0",
        "Noof50sScored": "0",
        "Nooffourshit": "53",
        "Noofsixeshit": "43"
      }
    },
    "bowlingCareer": {
      "Test": {
        "MatchesPlayed": "3",
        "NoofInningsBowled": "6",
        "NoofBallsBowled": "766",
        "NoofRunsConceded": "286",
        "Wickets": "27",
        "BestBowlinginInnings": "6/38",
        "BestBowlinginMatch": "11/70",
        "Economy": "2.24",
        "BowlingAverage": "10.59",
        "BowlingStrikeRate": "28.37",
        "FiveWicketsinanInnings": "4",
        "TenWicketsinanMatch": "1"
      },
      "ODI": {
        "MatchesPlayed": "38",
        "NoofInningsBowled": "35",
        "NoofBallsBowled": "1908",
        "NoofRunsConceded": "1409",
        "Wickets": "45",
        "BestBowlinginInnings": "3/34",
        "BestBowlinginMatch": "3/34",
        "Economy": "4.43",
        "BowlingAverage": "31.31",
        "BowlingStrikeRate": "42.4",
        "FiveWicketsinanInnings": "0",
        "TenWicketsinanMatch": "0"
      },
      "T20I": {
        "MatchesPlayed": "12",
        "NoofInningsBowled": "12",
        "NoofBallsBowled": "252",
        "NoofRunsConceded": "289",
        "Wickets": "9",
        "BestBowlinginInnings": "3/17",
        "BestBowlinginMatch": "3/17",
        "Economy": "6.88",
        "BowlingAverage": "32.11",
        "BowlingStrikeRate": "28.0",
        "FiveWicketsinanInnings": "0",
        "TenWicketsinanMatch": "0"
      },
      "IPL": {
        "MatchesPlayed": "97",
        "NoofInningsBowled": "96",
        "NoofBallsBowled": "2019",
        "NoofRunsConceded": "2456",
        "Wickets": "80",
        "BestBowlinginInnings": "4/21",
        "BestBowlinginMatch": "4/21",
        "Economy": "7.3",
        "BowlingAverage": "30.7",
        "BowlingStrikeRate": "25.24",
        "FiveWicketsinanInnings": "0",
        "TenWicketsinanMatch": "0"
      }
    }
  },
  {
    "playerName": "Adil Rashid",
    "battingCareer": {
      "Test": {
        "MatchesPlayed": "19",
        "NoofInningsBatted": "33",
        "NoofNotOuts": "5",
        "NoofRunsScored": "540",
        "HighestScore": "61",
        "BattingAverage": "19.29",
        "NoofBallsFaced": "1270",
        "BattingStrikeRate": "42.52",
        "Noof100sScored": "0",
        "Noof200sScored": "0",
        "Noof50sScored": "2",
        "Nooffourshit": "62",
        "Noofsixeshit": "4"
      },
      "ODI": {
        "MatchesPlayed": "105",
        "NoofInningsBatted": "48",
        "NoofNotOuts": "14",
        "NoofRunsScored": "644",
        "HighestScore": "69",
        "BattingAverage": "18.94",
        "NoofBallsFaced": "627",
        "BattingStrikeRate": "102.71",
        "Noof100sScored": "0",
        "Noof200sScored": "0",
        "Noof50sScored": "1",
        "Nooffourshit": "67",
        "Noofsixeshit": "9"
      },
      "T20I": {
        "MatchesPlayed": "53",
        "NoofInningsBatted": "18",
        "NoofNotOuts": "10",
        "NoofRunsScored": "56",
        "HighestScore": "9",
        "BattingAverage": "7.0",
        "NoofBallsFaced": "69",
        "BattingStrikeRate": "81.16",
        "Noof100sScored": "0",
        "Noof200sScored": "0",
        "Noof50sScored": "0",
        "Nooffourshit": "4",
        "Noofsixeshit": "0"
      }
    },
    "bowlingCareer": {
      "Test": {
        "MatchesPlayed": "19",
        "NoofInningsBowled": "34",
        "NoofBallsBowled": "3816",
        "NoofRunsConceded": "2390",
        "Wickets": "60",
        "BestBowlinginInnings": "5/49",
        "BestBowlinginMatch": "7/178",
        "Economy": "3.76",
        "BowlingAverage": "39.83",
        "BowlingStrikeRate": "63.6",
        "FiveWicketsinanInnings": "2",
        "TenWicketsinanMatch": "0"
      },
      "ODI": {
        "MatchesPlayed": "105",
        "NoofInningsBowled": "100",
        "NoofBallsBowled": "5255",
        "NoofRunsConceded": "4909",
        "Wickets": "155",
        "BestBowlinginInnings": "5/27",
        "BestBowlinginMatch": "5/27",
        "Economy": "5.6",
        "BowlingAverage": "31.67",
        "BowlingStrikeRate": "33.9",
        "FiveWicketsinanInnings": "2",
        "TenWicketsinanMatch": "0"
      },
      "T20I": {
        "MatchesPlayed": "53",
        "NoofInningsBowled": "50",
        "NoofBallsBowled": "1068",
        "NoofRunsConceded": "1330",
        "Wickets": "52",
        "BestBowlinginInnings": "3/11",
        "BestBowlinginMatch": "3/11",
        "Economy": "7.47",
        "BowlingAverage": "25.58",
        "BowlingStrikeRate": "20.54",
        "FiveWicketsinanInnings": "0",
        "TenWicketsinanMatch": "0"
      }
    }
  },
  {
    "playerName": "Jofra Archer",
    "battingCareer": {
      "Test": {
        "MatchesPlayed": "13",
        "NoofInningsBatted": "20",
        "NoofNotOuts": "0",
        "NoofRunsScored": "155",
        "HighestScore": "30",
        "BattingAverage": "7.75",
        "NoofBallsFaced": "306",
        "BattingStrikeRate": "50.65",
        "Noof100sScored": "0",
        "Noof200sScored": "0",
        "Noof50sScored": "0",
        "Nooffourshit": "22",
        "Noofsixeshit": "1"
      },
      "ODI": {
        "MatchesPlayed": "17",
        "NoofInningsBatted": "9",
        "NoofNotOuts": "5",
        "NoofRunsScored": "27",
        "HighestScore": "8",
        "BattingAverage": "6.75",
        "NoofBallsFaced": "34",
        "BattingStrikeRate": "79.41",
        "Noof100sScored": "0",
        "Noof200sScored": "0",
        "Noof50sScored": "0",
        "Nooffourshit": "2",
        "Noofsixeshit": "0"
      },
      "T20I": {
        "MatchesPlayed": "8",
        "NoofInningsBatted": "-",
        "NoofNotOuts": "-",
        "NoofRunsScored": "-",
        "HighestScore": "-",
        "BattingAverage": "-",
        "NoofBallsFaced": "-",
        "BattingStrikeRate": "-",
        "Noof100sScored": "-",
        "Noof200sScored": "-",
        "Noof50sScored": "-",
        "Nooffourshit": "-",
        "Noofsixeshit": "-"
      },
      "IPL": {
        "MatchesPlayed": "35",
        "NoofInningsBatted": "23",
        "NoofNotOuts": "10",
        "NoofRunsScored": "195",
        "HighestScore": "27",
        "BattingAverage": "15.0",
        "NoofBallsFaced": "124",
        "BattingStrikeRate": "157.26",
        "Noof100sScored": "0",
        "Noof200sScored": "0",
        "Noof50sScored": "0",
        "Nooffourshit": "11",
        "Noofsixeshit": "14"
      }
    },
    "bowlingCareer": {
      "Test": {
        "MatchesPlayed": "13",
        "NoofInningsBowled": "24",
        "NoofBallsBowled": "2609",
        "NoofRunsConceded": "1304",
        "Wickets": "42",
        "BestBowlinginInnings": "6/45",
        "BestBowlinginMatch": "8/85",
        "Economy": "3.0",
        "BowlingAverage": "31.05",
        "BowlingStrikeRate": "62.12",
        "FiveWicketsinanInnings": "3",
        "TenWicketsinanMatch": "0"
      },
      "ODI": {
        "MatchesPlayed": "17",
        "NoofInningsBowled": "17",
        "NoofBallsBowled": "911",
        "NoofRunsConceded": "720",
        "Wickets": "30",
        "BestBowlinginInnings": "3/27",
        "BestBowlinginMatch": "3/27",
        "Economy": "4.74",
        "BowlingAverage": "24.0",
        "BowlingStrikeRate": "30.37",
        "FiveWicketsinanInnings": "0",
        "TenWicketsinanMatch": "0"
      },
      "T20I": {
        "MatchesPlayed": "8",
        "NoofInningsBowled": "8",
        "NoofBallsBowled": "186",
        "NoofRunsConceded": "239",
        "Wickets": "10",
        "BestBowlinginInnings": "3/23",
        "BestBowlinginMatch": "3/23",
        "Economy": "7.71",
        "BowlingAverage": "23.9",
        "BowlingStrikeRate": "18.6",
        "FiveWicketsinanInnings": "0",
        "TenWicketsinanMatch": "0"
      },
      "IPL": {
        "MatchesPlayed": "35",
        "NoofInningsBowled": "35",
        "NoofBallsBowled": "825",
        "NoofRunsConceded": "981",
        "Wickets": "46",
        "BestBowlinginInnings": "3/15",
        "BestBowlinginMatch": "3/15",
        "Economy": "7.13",
        "BowlingAverage": "21.33",
        "BowlingStrikeRate": "17.93",
        "FiveWicketsinanInnings": "0",
        "TenWicketsinanMatch": "0"
      }
    }
  },
  {
    "playerName": "Mark Wood",
    "battingCareer": {
      "Test": {
        "MatchesPlayed": "18",
        "NoofInningsBatted": "30",
        "NoofNotOuts": "6",
        "NoofRunsScored": "402",
        "HighestScore": "52",
        "BattingAverage": "16.75",
        "NoofBallsFaced": "607",
        "BattingStrikeRate": "66.23",
        "Noof100sScored": "0",
        "Noof200sScored": "0",
        "Noof50sScored": "1",
        "Nooffourshit": "53",
        "Noofsixeshit": "10"
      },
      "ODI": {
        "MatchesPlayed": "52",
        "NoofInningsBatted": "17",
        "NoofNotOuts": "10",
        "NoofRunsScored": "56",
        "HighestScore": "13",
        "BattingAverage": "8.0",
        "NoofBallsFaced": "63",
        "BattingStrikeRate": "88.89",
        "Noof100sScored": "0",
        "Noof200sScored": "0",
        "Noof50sScored": "0",
        "Nooffourshit": "6",
        "Noofsixeshit": "0"
      },
      "T20I": {
        "MatchesPlayed": "12",
        "NoofInningsBatted": "2",
        "NoofNotOuts": "2",
        "NoofRunsScored": "10",
        "HighestScore": "5",
        "BattingAverage": "0.0",
        "NoofBallsFaced": "12",
        "BattingStrikeRate": "83.33",
        "Noof100sScored": "0",
        "Noof200sScored": "0",
        "Noof50sScored": "0",
        "Nooffourshit": "1",
        "Noofsixeshit": "0"
      },
      "IPL": {
        "MatchesPlayed": "1",
        "NoofInningsBatted": "1",
        "NoofNotOuts": "0",
        "NoofRunsScored": "1",
        "HighestScore": "1",
        "BattingAverage": "1.0",
        "NoofBallsFaced": "3",
        "BattingStrikeRate": "33.33",
        "Noof100sScored": "0",
        "Noof200sScored": "0",
        "Noof50sScored": "0",
        "Nooffourshit": "0",
        "Noofsixeshit": "0"
      }
    },
    "bowlingCareer": {
      "Test": {
        "MatchesPlayed": "18",
        "NoofInningsBowled": "34",
        "NoofBallsBowled": "3293",
        "NoofRunsConceded": "1772",
        "Wickets": "53",
        "BestBowlinginInnings": "5/41",
        "BestBowlinginMatch": "9/100",
        "Economy": "3.23",
        "BowlingAverage": "33.43",
        "BowlingStrikeRate": "62.13",
        "FiveWicketsinanInnings": "2",
        "TenWicketsinanMatch": "0"
      },
      "ODI": {
        "MatchesPlayed": "52",
        "NoofInningsBowled": "52",
        "NoofBallsBowled": "2699",
        "NoofRunsConceded": "2480",
        "Wickets": "64",
        "BestBowlinginInnings": "4/33",
        "BestBowlinginMatch": "4/33",
        "Economy": "5.51",
        "BowlingAverage": "38.75",
        "BowlingStrikeRate": "42.17",
        "FiveWicketsinanInnings": "0",
        "TenWicketsinanMatch": "0"
      },
      "T20I": {
        "MatchesPlayed": "12",
        "NoofInningsBowled": "12",
        "NoofBallsBowled": "261",
        "NoofRunsConceded": "385",
        "Wickets": "19",
        "BestBowlinginInnings": "3/9",
        "BestBowlinginMatch": "3/9",
        "Economy": "8.85",
        "BowlingAverage": "20.26",
        "BowlingStrikeRate": "13.74",
        "FiveWicketsinanInnings": "0",
        "TenWicketsinanMatch": "0"
      },
      "IPL": {
        "MatchesPlayed": "1",
        "NoofInningsBowled": "1",
        "NoofBallsBowled": "24",
        "NoofRunsConceded": "49",
        "Wickets": "0",
        "BestBowlinginInnings": "0/49",
        "BestBowlinginMatch": "0/49",
        "Economy": "12.25",
        "BowlingAverage": "0.0",
        "BowlingStrikeRate": "0.0",
        "FiveWicketsinanInnings": "0",
        "TenWicketsinanMatch": "0"
      }
    }
  },
  {
    "playerName": "Chris Jordan",
    "battingCareer": {
      "Test": {
        "MatchesPlayed": "8",
        "NoofInningsBatted": "11",
        "NoofNotOuts": "1",
        "NoofRunsScored": "180",
        "HighestScore": "35",
        "BattingAverage": "18.0",
        "NoofBallsFaced": "320",
        "BattingStrikeRate": "56.25",
        "Noof100sScored": "0",
        "Noof200sScored": "0",
        "Noof50sScored": "0",
        "Nooffourshit": "24",
        "Noofsixeshit": "1"
      },
      "ODI": {
        "MatchesPlayed": "34",
        "NoofInningsBatted": "23",
        "NoofNotOuts": "9",
        "NoofRunsScored": "170",
        "HighestScore": "38",
        "BattingAverage": "12.14",
        "NoofBallsFaced": "193",
        "BattingStrikeRate": "88.08",
        "Noof100sScored": "0",
        "Noof200sScored": "0",
        "Noof50sScored": "0",
        "Nooffourshit": "12",
        "Noofsixeshit": "5"
      },
      "T20I": {
        "MatchesPlayed": "56",
        "NoofInningsBatted": "32",
        "NoofNotOuts": "15",
        "NoofRunsScored": "247",
        "HighestScore": "36",
        "BattingAverage": "14.53",
        "NoofBallsFaced": "191",
        "BattingStrikeRate": "129.32",
        "Noof100sScored": "0",
        "Noof200sScored": "0",
        "Noof50sScored": "0",
        "Nooffourshit": "17",
        "Noofsixeshit": "12"
      },
      "IPL": {
        "MatchesPlayed": "20",
        "NoofInningsBatted": "7",
        "NoofNotOuts": "2",
        "NoofRunsScored": "32",
        "HighestScore": "13",
        "BattingAverage": "6.4",
        "NoofBallsFaced": "36",
        "BattingStrikeRate": "88.89",
        "Noof100sScored": "0",
        "Noof200sScored": "0",
        "Noof50sScored": "0",
        "Nooffourshit": "2",
        "Noofsixeshit": "0"
      }
    },
    "bowlingCareer": {
      "Test": {
        "MatchesPlayed": "8",
        "NoofInningsBowled": "16",
        "NoofBallsBowled": "1530",
        "NoofRunsConceded": "752",
        "Wickets": "21",
        "BestBowlinginInnings": "4/18",
        "BestBowlinginMatch": "7/50",
        "Economy": "2.95",
        "BowlingAverage": "35.81",
        "BowlingStrikeRate": "72.86",
        "FiveWicketsinanInnings": "0",
        "TenWicketsinanMatch": "0"
      },
      "ODI": {
        "MatchesPlayed": "34",
        "NoofInningsBowled": "34",
        "NoofBallsBowled": "1618",
        "NoofRunsConceded": "1611",
        "Wickets": "45",
        "BestBowlinginInnings": "5/29",
        "BestBowlinginMatch": "5/29",
        "Economy": "5.97",
        "BowlingAverage": "35.8",
        "BowlingStrikeRate": "35.96",
        "FiveWicketsinanInnings": "1",
        "TenWicketsinanMatch": "0"
      },
      "T20I": {
        "MatchesPlayed": "56",
        "NoofInningsBowled": "55",
        "NoofBallsBowled": "1176",
        "NoofRunsConceded": "1697",
        "Wickets": "67",
        "BestBowlinginInnings": "4/6",
        "BestBowlinginMatch": "4/6",
        "Economy": "8.66",
        "BowlingAverage": "25.33",
        "BowlingStrikeRate": "17.55",
        "FiveWicketsinanInnings": "0",
        "TenWicketsinanMatch": "0"
      },
      "IPL": {
        "MatchesPlayed": "20",
        "NoofInningsBowled": "20",
        "NoofBallsBowled": "387",
        "NoofRunsConceded": "602",
        "Wickets": "21",
        "BestBowlinginInnings": "4/11",
        "BestBowlinginMatch": "4/11",
        "Economy": "9.33",
        "BowlingAverage": "28.67",
        "BowlingStrikeRate": "18.43",
        "FiveWicketsinanInnings": "0",
        "TenWicketsinanMatch": "0"
      }
    }
  },
  {
    "playerName": "Stokes",
    "battingCareer": {
      "Test": {
        "MatchesPlayed": "71",
        "NoofInningsBatted": "130",
        "NoofNotOuts": "5",
        "NoofRunsScored": "4631",
        "HighestScore": "258",
        "BattingAverage": "37.05",
        "NoofBallsFaced": "7967",
        "BattingStrikeRate": "58.13",
        "Noof100sScored": "10",
        "Noof200sScored": "1",
        "Noof50sScored": "24",
        "Nooffourshit": "562",
        "Noofsixeshit": "79"
      },
      "ODI": {
        "MatchesPlayed": "95",
        "NoofInningsBatted": "81",
        "NoofNotOuts": "15",
        "NoofRunsScored": "2682",
        "HighestScore": "102",
        "BattingAverage": "40.64",
        "NoofBallsFaced": "2855",
        "BattingStrikeRate": "93.94",
        "Noof100sScored": "3",
        "Noof200sScored": "0",
        "Noof50sScored": "20",
        "Nooffourshit": "217",
        "Noofsixeshit": "75"
      },
      "T20I": {
        "MatchesPlayed": "30",
        "NoofInningsBatted": "25",
        "NoofNotOuts": "6",
        "NoofRunsScored": "358",
        "HighestScore": "47",
        "BattingAverage": "18.84",
        "NoofBallsFaced": "267",
        "BattingStrikeRate": "134.08",
        "Noof100sScored": "0",
        "Noof200sScored": "0",
        "Noof50sScored": "0",
        "Nooffourshit": "27",
        "Noofsixeshit": "17"
      },
      "IPL": {
        "MatchesPlayed": "42",
        "NoofInningsBatted": "41",
        "NoofNotOuts": "6",
        "NoofRunsScored": "920",
        "HighestScore": "107",
        "BattingAverage": "26.29",
        "NoofBallsFaced": "681",
        "BattingStrikeRate": "135.1",
        "Noof100sScored": "2",
        "Noof200sScored": "0",
        "Noof50sScored": "2",
        "Nooffourshit": "79",
        "Noofsixeshit": "32"
      }
    },
    "bowlingCareer": {
      "Test": {
        "MatchesPlayed": "71",
        "NoofInningsBowled": "116",
        "NoofBallsBowled": "9275",
        "NoofRunsConceded": "5116",
        "Wickets": "163",
        "BestBowlinginInnings": "6/22",
        "BestBowlinginMatch": "8/161",
        "Economy": "3.31",
        "BowlingAverage": "31.39",
        "BowlingStrikeRate": "56.9",
        "FiveWicketsinanInnings": "4",
        "TenWicketsinanMatch": "0"
      },
      "ODI": {
        "MatchesPlayed": "95",
        "NoofInningsBowled": "80",
        "NoofBallsBowled": "2912",
        "NoofRunsConceded": "2920",
        "Wickets": "70",
        "BestBowlinginInnings": "5/61",
        "BestBowlinginMatch": "5/61",
        "Economy": "6.02",
        "BowlingAverage": "41.71",
        "BowlingStrikeRate": "41.6",
        "FiveWicketsinanInnings": "1",
        "TenWicketsinanMatch": "0"
      },
      "T20I": {
        "MatchesPlayed": "30",
        "NoofInningsBowled": "24",
        "NoofBallsBowled": "436",
        "NoofRunsConceded": "636",
        "Wickets": "17",
        "BestBowlinginInnings": "3/26",
        "BestBowlinginMatch": "3/26",
        "Economy": "8.75",
        "BowlingAverage": "37.41",
        "BowlingStrikeRate": "25.65",
        "FiveWicketsinanInnings": "0",
        "TenWicketsinanMatch": "0"
      },
      "IPL": {
        "MatchesPlayed": "42",
        "NoofInningsBowled": "36",
        "NoofBallsBowled": "677",
        "NoofRunsConceded": "962",
        "Wickets": "28",
        "BestBowlinginInnings": "3/15",
        "BestBowlinginMatch": "3/15",
        "Economy": "8.53",
        "BowlingAverage": "34.36",
        "BowlingStrikeRate": "24.18",
        "FiveWicketsinanInnings": "0",
        "TenWicketsinanMatch": "0"
      }
    }
  },
  {
    "playerName": "Sam Curran",
    "battingCareer": {
      "Test": {
        "MatchesPlayed": "21",
        "NoofInningsBatted": "33",
        "NoofNotOuts": "4",
        "NoofRunsScored": "741",
        "HighestScore": "78",
        "BattingAverage": "25.55",
        "NoofBallsFaced": "1157",
        "BattingStrikeRate": "64.04",
        "Noof100sScored": "0",
        "Noof200sScored": "0",
        "Noof50sScored": "3",
        "Nooffourshit": "86",
        "Noofsixeshit": "20"
      },
      "ODI": {
        "MatchesPlayed": "5",
        "NoofInningsBatted": "4",
        "NoofNotOuts": "0",
        "NoofRunsScored": "25",
        "HighestScore": "15",
        "BattingAverage": "6.25",
        "NoofBallsFaced": "52",
        "BattingStrikeRate": "48.08",
        "Noof100sScored": "0",
        "Noof200sScored": "0",
        "Noof50sScored": "0",
        "Nooffourshit": "1",
        "Noofsixeshit": "1"
      },
      "T20I": {
        "MatchesPlayed": "9",
        "NoofInningsBatted": "5",
        "NoofNotOuts": "1",
        "NoofRunsScored": "43",
        "HighestScore": "24",
        "BattingAverage": "10.75",
        "NoofBallsFaced": "31",
        "BattingStrikeRate": "138.71",
        "Noof100sScored": "0",
        "Noof200sScored": "0",
        "Noof50sScored": "0",
        "Nooffourshit": "3",
        "Noofsixeshit": "3"
      },
      "IPL": {
        "MatchesPlayed": "23",
        "NoofInningsBatted": "19",
        "NoofNotOuts": "7",
        "NoofRunsScored": "281",
        "HighestScore": "55",
        "BattingAverage": "23.42",
        "NoofBallsFaced": "196",
        "BattingStrikeRate": "143.37",
        "Noof100sScored": "0",
        "Noof200sScored": "0",
        "Noof50sScored": "2",
        "Nooffourshit": "25",
        "Noofsixeshit": "15"
      }
    },
    "bowlingCareer": {
      "Test": {
        "MatchesPlayed": "21",
        "NoofInningsBowled": "37",
        "NoofBallsBowled": "2647",
        "NoofRunsConceded": "1431",
        "Wickets": "44",
        "BestBowlinginInnings": "4/58",
        "BestBowlinginMatch": "5/92",
        "Economy": "3.24",
        "BowlingAverage": "32.52",
        "BowlingStrikeRate": "60.16",
        "FiveWicketsinanInnings": "0",
        "TenWicketsinanMatch": "0"
      },
      "ODI": {
        "MatchesPlayed": "5",
        "NoofInningsBowled": "5",
        "NoofBallsBowled": "168",
        "NoofRunsConceded": "169",
        "Wickets": "5",
        "BestBowlinginInnings": "3/35",
        "BestBowlinginMatch": "3/35",
        "Economy": "6.04",
        "BowlingAverage": "33.8",
        "BowlingStrikeRate": "33.6",
        "FiveWicketsinanInnings": "0",
        "TenWicketsinanMatch": "0"
      },
      "T20I": {
        "MatchesPlayed": "9",
        "NoofInningsBowled": "9",
        "NoofBallsBowled": "174",
        "NoofRunsConceded": "255",
        "Wickets": "9",
        "BestBowlinginInnings": "3/28",
        "BestBowlinginMatch": "3/28",
        "Economy": "8.79",
        "BowlingAverage": "28.33",
        "BowlingStrikeRate": "19.33",
        "FiveWicketsinanInnings": "0",
        "TenWicketsinanMatch": "0"
      },
      "IPL": {
        "MatchesPlayed": "23",
        "NoofInningsBowled": "22",
        "NoofBallsBowled": "450",
        "NoofRunsConceded": "667",
        "Wickets": "23",
        "BestBowlinginInnings": "4/11",
        "BestBowlinginMatch": "4/11",
        "Economy": "8.89",
        "BowlingAverage": "29.0",
        "BowlingStrikeRate": "19.57",
        "FiveWicketsinanInnings": "0",
        "TenWicketsinanMatch": "0"
      }
    }
  }
]
