[{"topicUrl":"https://github.com/topics/mysql","projects":[{"projectUrl":"https://github.com/Snailclimb/JavaGuide","issues":[{"heading":"关于 “在一个静态方法内调用一个非静态成员为什么是非法的” 一点个人理解","url":"https://github.com/Snailclimb/JavaGuide/issues/1126"},{"heading":"1.4.4. 深拷贝 vs 浅拷贝的答案是否描述清楚？","url":"https://github.com/Snailclimb/JavaGuide/issues/1125"},{"heading":"更正：Dao 接口里的方法可以重载，但是Mybatis的XML里面的ID不允许重复！","url":"https://github.com/Snailclimb/JavaGuide/issues/1122"},{"heading":"期待添加安全相关的内容","url":"https://github.com/Snailclimb/JavaGuide/issues/1119"},{"heading":"期待增加es相关","url":"https://github.com/Snailclimb/JavaGuide/issues/1118"},{"heading":"操作系统部分","url":"https://github.com/Snailclimb/JavaGuide/issues/1113"},{"heading":"有关redis常见数据结构及使用场景分析中添加bitmap有关内容","url":"https://github.com/Snailclimb/JavaGuide/issues/1107"},{"heading":"能不能补充下spring cloud的面试题","url":"https://github.com/Snailclimb/JavaGuide/issues/1099"}]},{"projectUrl":"https://github.com/macrozheng/mall","issues":[{"heading":"日志处理中，IP地址的设定","url":"https://github.com/macrozheng/mall/issues/464"},{"heading":"mall-admin启动报错？？？","url":"https://github.com/macrozheng/mall/issues/462"},{"heading":"关于登出接口为什么没有任何逻辑没看懂","url":"https://github.com/macrozheng/mall/issues/461"},{"heading":"请问，有商品分类，为啥还设计了一个商品属性分类呢？","url":"https://github.com/macrozheng/mall/issues/460"},{"heading":"管理后台没有看到会员模块","url":"https://github.com/macrozheng/mall/issues/452"},{"heading":"es使用java.util.Date时转换报错","url":"https://github.com/macrozheng/mall/issues/432"},{"heading":"单词拼写错误","url":"https://github.com/macrozheng/mall/issues/406"},{"heading":"锁定库存的问题","url":"https://github.com/macrozheng/mall/issues/376"}]},{"projectUrl":"https://github.com/grafana/grafana","issues":[{"heading":"User not asked to reauthenticate when oauth token has expired","url":"https://github.com/grafana/grafana/issues/31967"},{"heading":"grafana_stat_totals_dashboard is reported as 0","url":"https://github.com/grafana/grafana/issues/31966"},{"heading":"Cannot view/edit metric script","url":"https://github.com/grafana/grafana/issues/31965"},{"heading":"links dropdown","url":"https://github.com/grafana/grafana/issues/31964"},{"heading":"Flux Datasource Can't Connect to Influx DB 1.8.3 (Internal Server Error)","url":"https://github.com/grafana/grafana/issues/31963"},{"heading":"Wrong case on electric units, var kvar for reactive power","url":"https://github.com/grafana/grafana/issues/31961"},{"heading":"Panel edit mode performance issues","url":"https://github.com/grafana/grafana/issues/31960"},{"heading":"Regression: Alerts no more triggered with ES","url":"https://github.com/grafana/grafana/issues/31953"}]},{"projectUrl":"https://github.com/pingcap/tidb","issues":[{"heading":"The column name is inconsistent with mysql when character set utf8 ","url":"https://github.com/pingcap/tidb/issues/23291"},{"heading":"the result of prepare execute is incorrect ","url":"https://github.com/pingcap/tidb/issues/23290"},{"heading":"Another issue when using index join with prefixed clustered index","url":"https://github.com/pingcap/tidb/issues/23289"},{"heading":"union bit column got different result between clustered and nonclustered table","url":"https://github.com/pingcap/tidb/issues/23287"},{"heading":"concat time data type lost the time fsp","url":"https://github.com/pingcap/tidb/issues/23286"},{"heading":"TiDB CI data race (once)","url":"https://github.com/pingcap/tidb/issues/23280"},{"heading":"the result of AVG function is incorrect","url":"https://github.com/pingcap/tidb/issues/23277"},{"heading":"TiDB does not throw `Expression of SELECT list is not in GROUP BY clause and contains nonaggregated column` in only_full_group_by mode for complex sql","url":"https://github.com/pingcap/tidb/issues/23273"}]},{"projectUrl":"https://github.com/metabase/metabase","issues":[{"heading":"Cannot view SQL question when accessing via dashboard with filters connected to modified card without SQL permissions","url":"https://github.com/metabase/metabase/issues/15163"},{"heading":"unset MB_API_KEY for notify endpoint could use some feedback","url":"https://github.com/metabase/metabase/issues/15157"},{"heading":"Waterfall chart should not be selectable with more than 1 metric","url":"https://github.com/metabase/metabase/issues/15152"},{"heading":"Wrong series label in multiple series scatterplot","url":"https://github.com/metabase/metabase/issues/15150"},{"heading":"Pulse fails with UnsupportedTemporalTypeException: Unsupported field: MonthOfYear","url":"https://github.com/metabase/metabase/issues/15146"},{"heading":"LDAP user authorization failed with `$` in password","url":"https://github.com/metabase/metabase/issues/15145"},{"heading":"fingerprint-fields fails due to non-existing field","url":"https://github.com/metabase/metabase/issues/15144"},{"heading":"ERROR metabase.sync.util Error fingerprinting table 60 'public.pg_buffercache'","url":"https://github.com/metabase/metabase/issues/15143"}]},{"projectUrl":"https://github.com/sequelize/sequelize","issues":[{"heading":"Typescript: Cannot use method sequelize.col for attributes option","url":"https://github.com/sequelize/sequelize/issues/13104"},{"heading":"Date precision not working","url":"https://github.com/sequelize/sequelize/issues/13103"},{"heading":"Where the $nested.column$ code is made?","url":"https://github.com/sequelize/sequelize/issues/13099"},{"heading":"create() on polymorphic use case does not always work","url":"https://github.com/sequelize/sequelize/issues/13098"},{"heading":"Roadmap for v7?","url":"https://github.com/sequelize/sequelize/issues/13097"},{"heading":"Query result non-deterministic","url":"https://github.com/sequelize/sequelize/issues/13088"},{"heading":"validate: {isUUID: 1} not working as expected","url":"https://github.com/sequelize/sequelize/issues/13087"},{"heading":"Geometry broken in MySQL 8","url":"https://github.com/sequelize/sequelize/issues/13086"}]},{"projectUrl":"https://github.com/typeorm/typeorm","issues":[{"heading":"On create not use default value","url":"https://github.com/typeorm/typeorm/issues/7469"},{"heading":"printSql doesn't work","url":"https://github.com/typeorm/typeorm/issues/7468"},{"heading":"can we call oracle pl/sql stored procedure in typeorm","url":"https://github.com/typeorm/typeorm/issues/7466"},{"heading":"Cannot return null for non-nullable field User.password","url":"https://github.com/typeorm/typeorm/issues/7465"},{"heading":"Feedback: HasManyThrough and better documentation is the bottleneck for this library to become standard","url":"https://github.com/typeorm/typeorm/issues/7464"},{"heading":"Support for array of foreignKey names in QueryRunner's dropForeignKeys method","url":"https://github.com/typeorm/typeorm/issues/7463"},{"heading":"Missing column depending on order of entity definition","url":"https://github.com/typeorm/typeorm/issues/7462"},{"heading":"type EntityFieldsNames<Entity> should not contain `undefined`","url":"https://github.com/typeorm/typeorm/issues/7461"}]},{"projectUrl":"https://github.com/AobingJava/JavaFamily","issues":[{"heading":"HashMap有错字","url":"https://github.com/AobingJava/JavaFamily/issues/60"},{"heading":"公众号的二维码失效了？","url":"https://github.com/AobingJava/JavaFamily/issues/58"},{"heading":"布隆过滤器解决的是缓存穿透","url":"https://github.com/AobingJava/JavaFamily/issues/57"},{"heading":"谁是原创呢","url":"https://github.com/AobingJava/JavaFamily/issues/56"},{"heading":"枚举文章内容不完善","url":"https://github.com/AobingJava/JavaFamily/issues/55"},{"heading":"JavaFamily","url":"https://github.com/AobingJava/JavaFamily/issues/54"},{"heading":"Spring循环依赖文章有一处错误","url":"https://github.com/AobingJava/JavaFamily/issues/51"},{"heading":"A","url":"https://github.com/AobingJava/JavaFamily/issues/50"}]}]},{"topicUrl":"https://github.com/topics/python","projects":[{"projectUrl":"https://github.com/tensorflow/tensorflow","issues":[{"heading":"Process finished with exit code 132 (interrupted by signal 4: SIGILL)","url":"https://github.com/tensorflow/tensorflow/issues/47799"},{"heading":"Cuda Error for CNN","url":"https://github.com/tensorflow/tensorflow/issues/47798"},{"heading":"Length for attr 'output_shapes' of 0 must be at least minimum 1","url":"https://github.com/tensorflow/tensorflow/issues/47797"},{"heading":"distribution strategy in tensorflow","url":"https://github.com/tensorflow/tensorflow/issues/47795"},{"heading":"undefined symbol: _ZN10tensorflow8OpKernel11TraceStringEPNS_15OpKernelContextEb","url":"https://github.com/tensorflow/tensorflow/issues/47794"},{"heading":"programs that use this library are impossible to understand","url":"https://github.com/tensorflow/tensorflow/issues/47793"},{"heading":"Retracing happens when using eager execution for custom code","url":"https://github.com/tensorflow/tensorflow/issues/47792"},{"heading":"Inconsistent Embedding Layer functionality when initialized under MirroredStrategy()","url":"https://github.com/tensorflow/tensorflow/issues/47791"}]},{"projectUrl":"https://github.com/donnemartin/system-design-primer","issues":[{"heading":"Porting to noat.cards knowledge repo","url":"https://github.com/donnemartin/system-design-primer/issues/517"},{"heading":"Diagrams not clear in README.md","url":"https://github.com/donnemartin/system-design-primer/issues/515"},{"heading":"MongoDB Architecture Guide link has became irrelevent","url":"https://github.com/donnemartin/system-design-primer/issues/514"},{"heading":"Just awesome","url":"https://github.com/donnemartin/system-design-primer/issues/512"},{"heading":"Scalability link is dead","url":"https://github.com/donnemartin/system-design-primer/issues/508"},{"heading":"Indieflashblog link is dead","url":"https://github.com/donnemartin/system-design-primer/issues/501"},{"heading":"line arrows are not clear on dark mode on images/jj3A5N8.png","url":"https://github.com/donnemartin/system-design-primer/issues/495"},{"heading":"Correcting RPC mention of Protobuf with mention of gRPC","url":"https://github.com/donnemartin/system-design-primer/issues/493"}]},{"projectUrl":"https://github.com/CyC2018/CS-Notes","issues":[{"heading":"Leetcode刷题，双指针：88 Merge Sorted Array可以优化。","url":"https://github.com/CyC2018/CS-Notes/issues/1060"},{"heading":"关于数据库系统原理中Readview的疑惑","url":"https://github.com/CyC2018/CS-Notes/issues/1059"},{"heading":"代码可读性 中关于 Javascript var声明的描述有误","url":"https://github.com/CyC2018/CS-Notes/issues/1058"},{"heading":"请问标题提到的C++部分在项目的哪里，没看到。。","url":"https://github.com/CyC2018/CS-Notes/issues/1057"},{"heading":"Hashmap扩容重新计算桶下标算式有误","url":"https://github.com/CyC2018/CS-Notes/issues/1056"},{"heading":"适配器模式的图是错的","url":"https://github.com/CyC2018/CS-Notes/issues/1053"},{"heading":"HTTP","url":"https://github.com/CyC2018/CS-Notes/issues/1051"},{"heading":"Java框架","url":"https://github.com/CyC2018/CS-Notes/issues/1048"}]},{"projectUrl":"https://github.com/TheAlgorithms/Python","issues":[{"heading":"Unable to add more contributions","url":"https://github.com/TheAlgorithms/Python/issues/4266"},{"heading":"It's Your Name.","url":"https://github.com/TheAlgorithms/Python/issues/4260"},{"heading":"How to handle mypy implementation errors?","url":"https://github.com/TheAlgorithms/Python/issues/4256"},{"heading":"Vscode permission denied","url":"https://github.com/TheAlgorithms/Python/issues/4239"},{"heading":"[mypy] Packages that are not recognised","url":"https://github.com/TheAlgorithms/Python/issues/4222"},{"heading":"How can I loop a program for specified period of time","url":"https://github.com/TheAlgorithms/Python/issues/4200"},{"heading":"qrcode save in path","url":"https://github.com/TheAlgorithms/Python/issues/4187"},{"heading":"pre-commit issue ( Validate Filename of env )","url":"https://github.com/TheAlgorithms/Python/issues/4182"}]},{"projectUrl":"https://github.com/vinta/awesome-python","issues":[{"heading":"code2flow looks unmaintained","url":"https://github.com/vinta/awesome-python/issues/1740"},{"heading":"Cool work","url":"https://github.com/vinta/awesome-python/issues/1739"},{"heading":"Wifi is unmaintained","url":"https://github.com/vinta/awesome-python/issues/1712"},{"heading":"Better toc removel for mkdocs","url":"https://github.com/vinta/awesome-python/issues/1686"},{"heading":"Autogenerate TOC","url":"https://github.com/vinta/awesome-python/issues/1660"},{"heading":"Add a CHANGELOG","url":"https://github.com/vinta/awesome-python/issues/1619"}]},{"projectUrl":"https://github.com/justjavac/free-programming-books-zh_CN","issues":[]},{"projectUrl":"https://github.com/nvbn/thefuck","issues":[{"heading":"Updating readme file","url":"https://github.com/nvbn/thefuck/issues/1173"},{"heading":"Commands with variable definition are not matched by most rules","url":"https://github.com/nvbn/thefuck/issues/1172"},{"heading":"Working fine, but will automatically open \".zshrc\" file every time","url":"https://github.com/nvbn/thefuck/issues/1169"},{"heading":"Do --alias faster (ideally ~50% faster, maybe)","url":"https://github.com/nvbn/thefuck/issues/1163"},{"heading":"Feature Request: Correct me when I type `figlet moo | cowsay`","url":"https://github.com/nvbn/thefuck/issues/1159"},{"heading":"running `fuck` after successful `apt update` errors after several seconds","url":"https://github.com/nvbn/thefuck/issues/1158"},{"heading":"first suggestions show `vim /bin/sh +1 &&` in front","url":"https://github.com/nvbn/thefuck/issues/1153"},{"heading":"[SUGGESTION] Write to stdin instead of using the confirmation prompt","url":"https://github.com/nvbn/thefuck/issues/1146"}]},{"projectUrl":"https://github.com/django/django","issues":[]}]},{"topicUrl":"https://github.com/topics/ruby","projects":[{"projectUrl":"https://github.com/rails/rails","issues":[{"heading":"precompile problem in rails project","url":"https://github.com/rails/rails/issues/41667"},{"heading":"Multiple attachment files are not persisted to storage service when attached separately within a transaction","url":"https://github.com/rails/rails/issues/41661"},{"heading":"Inclusion validation fails for Float::NAN","url":"https://github.com/rails/rails/issues/41660"},{"heading":"ActiveRecord::Tasks::DatabaseTasks.purge fails if the database doesn't exist","url":"https://github.com/rails/rails/issues/41658"},{"heading":"rails6.1.1 counter_cache conflict lock_version when destroy a object","url":"https://github.com/rails/rails/issues/41655"},{"heading":"ActiveRecord::Result#column_types is often missing data","url":"https://github.com/rails/rails/issues/41651"},{"heading":"slow perfomance method `sum` for enumerable, array","url":"https://github.com/rails/rails/issues/41650"},{"heading":"Is `logger` method introduced by ActiveSupport::Configurable public API?","url":"https://github.com/rails/rails/issues/41647"}]},{"projectUrl":"https://github.com/jekyll/jekyll","issues":[{"heading":"docs: update markdown options to kramdown 2","url":"https://github.com/jekyll/jekyll/issues/8593"},{"heading":"Creating text boxes with leader arrows in jekyll markdown","url":"https://github.com/jekyll/jekyll/issues/8589"},{"heading":"Kramdown link_defs value parsed incorrectly by Jekyll","url":"https://github.com/jekyll/jekyll/issues/8588"},{"heading":"Can't install Jekyll on Mac OS Big Sur (Apple Silicon M1)","url":"https://github.com/jekyll/jekyll/issues/8576"},{"heading":"feat: add support for sass layouts","url":"https://github.com/jekyll/jekyll/issues/8573"},{"heading":"docs: Ubuntu installation instructions corrupts existing last line of .bashrc","url":"https://github.com/jekyll/jekyll/issues/8571"},{"heading":"@import CSS from SCSS","url":"https://github.com/jekyll/jekyll/issues/8570"},{"heading":"collection.output sometimes empty - algorithm how items are processed (order) should be altered","url":"https://github.com/jekyll/jekyll/issues/8565"}]},{"projectUrl":"https://github.com/DopplerHQ/awesome-interview-questions","issues":[{"heading":"Android questions quality","url":"https://github.com/DopplerHQ/awesome-interview-questions/issues/223"},{"heading":"Invalid link","url":"https://github.com/DopplerHQ/awesome-interview-questions/issues/222"},{"heading":"Help needed - Integration between SOA and oracle SOA","url":"https://github.com/DopplerHQ/awesome-interview-questions/issues/211"},{"heading":"want to add node.js interview questions","url":"https://github.com/DopplerHQ/awesome-interview-questions/issues/200"},{"heading":"Can someone please check the links?","url":"https://github.com/DopplerHQ/awesome-interview-questions/issues/195"},{"heading":"Dead link under NodeJS section","url":"https://github.com/DopplerHQ/awesome-interview-questions/issues/169"},{"heading":"\"An Annotated List of DevOps Technical Interview Questions\" is not accessible","url":"https://github.com/DopplerHQ/awesome-interview-questions/issues/140"}]},{"projectUrl":"https://github.com/discourse/discourse","issues":[]},{"projectUrl":"https://github.com/fastlane/fastlane","issues":[{"heading":"Swift: Runner.executeCommand(_:) returns empty String for commands with other result types","url":"https://github.com/fastlane/fastlane/issues/18393"},{"heading":"Can I add a pair in resign info.plist Make changes?","url":"https://github.com/fastlane/fastlane/issues/18392"},{"heading":"[supply] How to promote a release from internal testing to closed testing","url":"https://github.com/fastlane/fastlane/issues/18386"},{"heading":"[scan] derived data path defaults to /Users","url":"https://github.com/fastlane/fastlane/issues/18360"},{"heading":"[match]Caught Encoding::CompatibilityError at ', \"deviceClass': incompatible character encodings: UTF-8 and ASCII-8BIT","url":"https://github.com/fastlane/fastlane/issues/18359"},{"heading":"device_count_different doesn't take into account that a profile can contain mac devices","url":"https://github.com/fastlane/fastlane/issues/18354"},{"heading":"upload_symbols_to_crashlytics succeeds even if upload fails","url":"https://github.com/fastlane/fastlane/issues/18353"},{"heading":"`gym` cannot find provisioning downloaded with `match`","url":"https://github.com/fastlane/fastlane/issues/18352"}]},{"projectUrl":"https://github.com/Homebrew/brew","issues":[{"heading":"Use binary patching to improve relocatability of bottles","url":"https://github.com/Homebrew/brew/issues/10846"},{"heading":"Casks installed long ago invalidated by intervened deprecations","url":"https://github.com/Homebrew/brew/issues/10833"},{"heading":"C++ standard library warning is useless","url":"https://github.com/Homebrew/brew/issues/10830"},{"heading":"Expand documentation around --quiet","url":"https://github.com/Homebrew/brew/issues/10820"},{"heading":"Simplifying Homebrew terminology","url":"https://github.com/Homebrew/brew/issues/10798"},{"heading":"Remove HOMEBREW_NO_ENV_FILTERING uses","url":"https://github.com/Homebrew/brew/issues/10786"},{"heading":"Very slow install of some formulas, maybe caused by Formulary::FormulaLoader","url":"https://github.com/Homebrew/brew/issues/10784"},{"heading":"Cannot make brew find appropriate git & curl without using unsupported variables","url":"https://github.com/Homebrew/brew/issues/10776"}]},{"projectUrl":"https://github.com/serhii-londar/open-source-mac-os-apps","issues":[{"heading":"Suggested app: Monitor Bar","url":"https://github.com/serhii-londar/open-source-mac-os-apps/issues/637"},{"heading":"Icons need more dpi.","url":"https://github.com/serhii-londar/open-source-mac-os-apps/issues/635"},{"heading":"Icons for shell & applescript aren't displayed","url":"https://github.com/serhii-londar/open-source-mac-os-apps/issues/633"},{"heading":"oni: archived/replaced","url":"https://github.com/serhii-londar/open-source-mac-os-apps/issues/625"},{"heading":"Calculeta is now a paid app","url":"https://github.com/serhii-londar/open-source-mac-os-apps/issues/623"},{"heading":"go game","url":"https://github.com/serhii-londar/open-source-mac-os-apps/issues/622"},{"heading":"I published an menubar app - \"Countdown\"","url":"https://github.com/serhii-londar/open-source-mac-os-apps/issues/621"},{"heading":"Design for GitHub pages","url":"https://github.com/serhii-londar/open-source-mac-os-apps/issues/572"}]},{"projectUrl":"https://github.com/gitlabhq/gitlabhq","issues":[]}]}]