{
  "Sheet1": {
    "8": {
      "3": {
        "font-family": "Noto Sans",
        "font-size": 14,
        "text": "bahvesh",
        "bold": false,
        "italic": false,
        "underlined": false,
        "alignment": "left",
        "color": "#444",
        "bgcolor": "#fff"
      },
      "4": {
        "font-family": "Impact",
        "font-size": 20,
        "text": "bhavesh",
        "bold": true,
        "italic": true,
        "underlined": true,
        "alignment": "left",
        "color": "#ECF0F1",
        "bgcolor": "#F39C12"
      }
    }
  }
}
